{"cameraMode":{"drawMode":0,"name":"Shaded","section":"Shading Mode"},"sceneLighting":true,"audioPlay":false,"sceneViewState":{"m_AlwaysRefresh":false,"showFog":true,"showSkybox":true,"showFlares":true,"showImageEffects":true,"showParticleSystems":true,"showVisualEffectGraphs":true,"m_FxEnabled":true},"in2DMode":false,"pivot":{"x":-0.5156205296516419,"y":4.050066947937012,"z":4.344867706298828},"rotation":{"x":0.3309706151485443,"y":0.0495091937482357,"z":-0.017385806888341905,"w":0.9422019124031067},"size":0.8660253882408142,"orthographic":false}